STT,Khach moi,Chuc vu,Duong dan
1,"TS. Nguyễn Hoàng Oanh","Hiệu trưởng Trường Đại học Việt Nhật",/ts-nguyen-hoang-oanh/
2,"TS. Bùi Huy Kiên","Giám đốc chương trình BCSE, Khoa FATE",/ts-bui-huy-kien/
3,"TS. Đặng Minh Hiếu","Giám đốc chương trình FTH, Khoa FATE",/ts-dang-minh-hieu/
4,"TS. Dương Hữu Toàn","Khoa FATE",/ts-duong-huu-toan/
5,"Mr. Negishi Masami","Vietnam Japan University",/ong-negishi-masami/
6,"TS. Nguyễn Ngọc Vinh","Bí thư Đoàn Trường Đại học Việt Nhật",/ts-nguyen-ngoc-vinh/
7,"Prof. Honda Satoshi","Vietnam Japan University",/gs-honda-satoshi/
8,"TS. Nguyễn Văn Thắng","Giám đốc chương trình MJM, Khoa FATE",/ts-nguyen-van-thang/
9,"Cô Nguyễn Thu Phương","Trường Đại học Việt Nhật",/ba-nguyen-thu-phuong/
10,"TS. Đặng Thanh Tú","Trường Đại học Việt Nhật",/ts-dang-thanh-tu/
11,"Ông Nguyễn Tiến Đạt","Khoa FATE",/ong-nguyen-tien-dat/
12,"TS. Lê Xuân Hải","Trường Quốc tế, ĐHQGHN",/ts-le-xuan-hai/
13,"Ông Phạm Ngọc Tùng","Công ty TNHH FESTO",/ong-pham-ngoc-tung/
14,"Các thầy cô Trường Đại học Việt Nhật","",/cac-thay-co-vju/
